{
    "金融分析_股票分析": 0.7717500000000002,
    "金融分析_基金分析": 0.7325,
    "金融分析_行情分析": 0.547,
    "金融分析_行业板块分析": 0.6260000000000001,
    "金融解读_公告解读": 0.5216666666666667,
    "金融解读_宏观解读": 0.6541333333333333,
    "金融解读_事件解读": 0.5539999999999998,
    "金融解读_行业解读": 0.7093333333333333
}